{"cameraMode":{"drawMode":0,"name":"Shaded","section":"Shading Mode"},"sceneLighting":true,"audioPlay":false,"sceneViewState":{"showFog":false,"showMaterialUpdate":false,"showSkybox":true,"showFlares":false,"showImageEffects":false,"showParticleSystems":false},"in2DMode":false,"pivot":{"x":3.9647293090820314,"y":-6.165309429168701,"z":-15.612640380859375},"rotation":{"x":0.015317905694246292,"y":-0.9827544689178467,"z":0.15758821368217469,"w":0.09552596509456635},"size":18.230905532836915,"orthographic":false}