{"cameraMode":{"drawMode":0,"name":"Shaded","section":"Shading Mode"},"sceneLighting":true,"audioPlay":false,"sceneViewState":{"showFog":false,"showMaterialUpdate":false,"showSkybox":true,"showFlares":false,"showImageEffects":false,"showParticleSystems":false},"in2DMode":false,"pivot":{"x":-0.9985389709472656,"y":-3.9915122985839845,"z":-16.56471061706543},"rotation":{"x":-0.06422962993383408,"y":0.9325408339500427,"z":-0.2078586220741272,"w":-0.2881615161895752},"size":16.307315826416017,"orthographic":false}