{"cameraMode":{"drawMode":0,"name":"Shaded","section":"Shading Mode"},"sceneLighting":true,"audioPlay":false,"sceneViewState":{"showFog":false,"showMaterialUpdate":false,"showSkybox":true,"showFlares":false,"showImageEffects":false,"showParticleSystems":false},"in2DMode":false,"pivot":{"x":-1.2634801864624024,"y":-18.214645385742189,"z":-8.260581970214844},"rotation":{"x":-0.09251868724822998,"y":0.8722834587097168,"z":-0.4445284903049469,"w":-0.18154719471931458},"size":20.97964859008789,"orthographic":false}